seed,test_acc
0,0.533750
1,0.465000
2,0.526875
